Amino acid	Codons	Compressed
Ala	GCT, GCC, GCA, GCG	GCN
Arg	CGT, CGC, CGA, CGG, AGA, AGG	CGN, MGR
Asn	AAT, AAC	AAY
Asp	GAT, GAC	GAY
Cys	TGT, TGC	TGY
Gln	CAA, CAG	CAR
Glu	GAA, GAG	GAR
Gly	GGT, GGC, GGA, GGG	GGN
His	CAT, CAC	CAY
Ile	ATT, ATC, ATA	ATH
Leu	TTA, TTG, CTT, CTC, CTA, CTG	YTR, CTN
Lys	AAA, AAG	AAR
Met	ATG	
Phe	TTT, TTC	TTY
Pro	CCT, CCC, CCA, CCG	CCN
Ser	TCT, TCC, TCA, TCG, AGT, AGC	TCN, AGY
Thr	ACT, ACC, ACA, ACG	ACN
Trp	TGG	
Tyr	TAT, TAC	TAY
Val	GTT, GTC, GTA, GTG	GTN
STOP	TAA, TGA, TAG	TAR, TRA
